{
  "run_id": "sil_q8_c0_1774815692",
  "scores": {
    "error_free": 1.0,
    "has_response": 1.0,
    "ground_truth_score": 0.6666666666666666,
    "contamination_free": 0.0,
    "sanitizer_clean": 1.0
  },
  "timestamp": 1774817505.9398298
}