{
  "run_id": "sil_q9_c2_1774845825",
  "scores": {
    "error_free": 0.0,
    "has_response": 1.0,
    "ground_truth_score": 0.6666666666666666,
    "contamination_free": 1.0,
    "sanitizer_clean": 1.0
  },
  "timestamp": 1774848080.6204793
}